[{"_allAttributes":null,"_properties":null,"_methods":null,"file":"c:/Users/Anand/Desktop/Proj- Add Multiple contact In account/createMultipleContactRec/force-app/main/default/lwc/multipleContact/multipleContact.js","metadata":{"decorators":[{"type":"api","targets":[{"name":"recordId","type":"property","value":{"type":"unresolved"}}]},{"type":"wire","targets":[{"name":"contactObjectInfo","type":"property","static":{"objectApiName":{"type":"unresolved"}},"params":{},"adapter":{"name":"getObjectInfo","reference":"lightning/uiObjectInfoApi"}},{"name":"genderPickListValues","type":"property","static":{"fieldApiName":{"type":"unresolved"}},"params":{"recordTypeId":"contactObjectInfo.data.defaultRecordTypeId"},"adapter":{"name":"getPicklistValues","reference":"lightning/uiObjectInfoApi"}}]},{"type":"track","targets":[{"name":"contacts","type":"property"}]}],"classMembers":[{"name":"recordId","type":"property","value":{"type":"unresolved"},"decorator":"api","loc":{"start":{"line":12,"column":4},"end":{"line":12,"column":18}}},{"name":"contacts","type":"property","decorator":"track","loc":{"start":{"line":13,"column":4},"end":{"line":13,"column":25}}},{"name":"isLoading","type":"property","value":{"type":"boolean","value":false},"loc":{"start":{"line":14,"column":4},"end":{"line":14,"column":22}}},{"name":"contactObjectInfo","type":"property","decorator":"wire","loc":{"start":{"line":16,"column":4},"end":{"line":17,"column":22}}},{"name":"genderPickListValues","type":"property","decorator":"wire","loc":{"start":{"line":51,"column":4},"end":{"line":52,"column":25}}},{"name":"getGenderPickListValues","type":"property","loc":{"start":{"line":71,"column":4},"end":{"line":84,"column":5}}},{"name":"elementChangeHandler","type":"method","loc":{"start":{"line":86,"column":4},"end":{"line":91,"column":5}}},{"name":"connectedCallback","type":"method","loc":{"start":{"line":93,"column":4},"end":{"line":95,"column":5}}},{"name":"addNewClickHandler","type":"method","loc":{"start":{"line":96,"column":4},"end":{"line":98,"column":5}}},{"name":"handleDelete","type":"method","loc":{"start":{"line":99,"column":4},"end":{"line":107,"column":5}}},{"name":"submitClickHandler","type":"method","loc":{"start":{"line":109,"column":4},"end":{"line":127,"column":5}}},{"name":"checkControlsValidity","type":"method","loc":{"start":{"line":129,"column":4},"end":{"line":140,"column":5}}},{"name":"showToast","type":"method","loc":{"start":{"line":144,"column":4},"end":{"line":151,"column":5}}}],"declarationLoc":{"start":{"line":11,"column":0},"end":{"line":152,"column":1}},"doc":"","exports":[{"type":"ExportDefaultDeclaration"}]},"updatedAt":"2025-05-20T13:03:50.141Z"}]